# Time	Tmin	Tmin location	Tmax	Tmax location	Tmean	TstDev	Umin	Umin location	Umax	Umax location	Umean	UstDev	kmin	kmin location	kmax	kmax location	kmean	kstDev	omegamin	omegamin location	omegamax	omegamax location	omegamean	omegastDev	pmin	pmin location	pmax	pmax location	pmean	pstDev	wmin	wmin location	wmax	wmax location	wmean	wstDev	mistmin	mistmin location	mistmax	mistmax location	mistmean	miststDev
1	299.7982467	( 0.01251989053 0.01251989232 -0.1876013276 )	300.0001691	( -0.2253465816 -0.07516613352 0.475445089 )	299.9998442	0.003110178899	8.486740059e-07	( 1.95 1.95 1.95 )	0.7291464943	( -0.05662962649 0.05489538945 -0.0654495499 )	0.0003485238139	0.00297576273	0.001282954035	( 1.95 -1.95 -1.95 )	0.007123963527	( 0.1017077833 0.01876168567 -0.03107227635 )	0.001643439613	0.0001869857408	3.592965499	( -1.95 -1.95 1.95 )	14.93084459	( -0.1027567145 0.006270844792 -0.03113595697 )	3.999053887	0.5427695623	-22.50416792	( -1.95 1.95 1.95 )	22.50429513	( -0.05 0.05 -1.95 )	0.0001194600962	13.32239165	0.003634073933	( -0.05662962649 0.05489538945 -0.0654495499 )	0.01113809463	( -0.212519154 -0.01250175189 -0.08751172726 )	0.0111360391	2.437598525e-05	0	( 0.5534567546 0.2522513892 -0.8537101378 )	0.003384849887	( -0.05662962649 0.05489538945 -0.0654495499 )	1.099998172e-07	1.129995155e-05
2	299.503224	( 0.01250084724 0.01250084726 -0.2375060703 )	300.0000391	( -0.5554168852 -0.8557683971 -0.05035025333 )	299.99946	0.009580326575	1.403782863e-05	( -0.02501549571 0.02501549571 0.828424782 )	0.9831647897	( -0.05593290692 0.06620059639 -0.0552048809 )	0.001006016009	0.006885354576	0.0004614787638	( -1.95 1.95 -1.95 )	0.008396883253	( -0.1028746145 0.01973597966 -0.04377381065 )	0.0008925950785	0.0002166985319	1.405599117	( -1.95 1.95 -1.85 )	15.39278298	( 0.1028748067 0.01973526953 -0.043774448 )	1.910719665	0.6183476753	-22.50416417	( -1.95 1.95 1.95 )	22.50420084	( 0.05 0.05 -1.95 )	-5.414168765e-05	13.32238905	0.007232576984	( -0.05512903162 -0.05514148441 -0.07834244178 )	0.01113631009	( -0.02516301119 -0.07548687184 -0.4760556372 )	0.01113220865	2.631212134e-05	9.468855617e-49	( -1.95 -1.95 1.95 )	0.004905141312	( -0.05662962649 0.05489538945 -0.0654495499 )	2.58693513e-07	2.083160728e-05
3	299.1594298	( 0.0125025746 0.0125025746 -0.2625099793 )	300.0000292	( -0.6521594252 -0.8522628922 -0.1506369618 )	299.9986412	0.02000840218	2.166184087e-06	( -1.35 1.85 1.05 )	1.027782743	( -0.06813598086 0.05467593844 -0.06701881556 )	0.00115019096	0.008476300904	0.0001865034249	( -1.95 1.95 -1.95 )	0.01229836064	( -0.1129933595 0.06363467868 -0.0636340057 )	0.0006033513551	0.0002273422038	0.6978214697	( -1.95 1.95 -1.85 )	18.01370171	( -0.08844543914 0.1134339114 -0.06322390127 )	1.092067074	0.5476567158	-22.50416587	( -0.05 0.05 1.95 )	22.5041679	( 1.95 1.95 -1.95 )	-0.0001135031132	13.32237777	0.008290121281	( -0.06815408967 -0.05515126203 -0.07984193267 )	0.01113640219	( 0.075019664 0.02500639137 -0.5750621559 )	0.01113215785	2.631076816e-05	-9.421149077e-22	( 0.45 0.05 -1.95 )	0.005029976339	( 0.04521837633 -0.006372082277 -0.0928734951 )	4.410583364e-07	2.946209729e-05
4	298.8010249	( 0.01251201075 0.01251201075 -0.3126469577 )	300.0000099	( -0.25 -0.35 -1.95 )	299.9971446	0.03499912737	1.035550011e-06	( -1.95 1.95 0.95 )	1.02524998	( 0.05514915574 0.0680434916 -0.06725811041 )	0.001414970637	0.008831656714	9.738952405e-05	( -1.95 1.95 -1.95 )	0.01903524006	( -0.1129933595 0.06363467868 -0.0636340057 )	0.0004648072686	0.0002395133754	0.4713519583	( -1.95 1.95 -1.85 )	21.3674925	( -0.1129933595 0.06363467868 -0.0636340057 )	0.7703592893	0.5054263698	-22.50416607	( -1.95 1.95 1.95 )	22.50416791	( 1.95 1.95 -1.95 )	-0.0001032593306	13.32236843	0.00891494515	( -0.08844544018 -0.06322457327 -0.1134332154 )	0.01113668255	( 0.07501796884 0.07501796884 -0.5750611545 )	0.01113194885	2.593017084e-05	-4.639431605e-21	( 0.55 0.15 -1.95 )	0.004998833824	( 0.04521837633 -0.006372082277 -0.0928734951 )	6.441692824e-07	3.730415837e-05
5	298.417291	( 0.01251672876 0.01251672876 -0.3380565344 )	300.0000464	( 0.3530190317 -0.05048604509 0.8591422662 )	299.9946791	0.05513464177	4.926372257e-06	( -1.95 -1.95 0.35 )	1.017192757	( 0.05514915574 0.0680434916 -0.06725811041 )	0.001548502459	0.008834903162	6.561577983e-05	( 1.95 -1.95 -1.95 )	0.02416212941	( -0.08843880042 0.08844054448 -0.06349786309 )	0.000382697301	0.0002523871876	0.3600759905	( -1.95 1.95 -1.75 )	21.70223849	( -0.08843880042 0.08844054448 -0.06349786309 )	0.6072485519	0.4808949115	-22.50416663	( -1.95 1.95 1.95 )	22.50418809	( 0.05 0.05 -1.95 )	-5.623647077e-05	13.32236528	0.009264811009	( -0.08785635884 -0.06281715217 -0.13789277 )	0.0111374412	( 0.07500728956 0.02500246198 -0.6250203845 )	0.01113168213	2.49903994e-05	-9.218149599e-20	( 0.55 0.15 -1.95 )	0.004988685723	( 0.04521837633 -0.006372082277 -0.0928734951 )	8.633528846e-07	4.443395176e-05
6	298.0229624	( 0.01252730655 0.01252730655 -0.3642260111 )	300.0000974	( -0.05021935688 0.05021935688 1.052868522 )	299.9908988	0.08074376596	6.375939533e-06	( 1.95 -1.95 0.25 )	1.005000261	( 0.05514915574 0.0680434916 -0.06725811041 )	0.001592212085	0.008823749588	5.074842437e-05	( 1.95 -1.95 -1.95 )	0.0245713286	( -0.08843880042 0.08844054448 -0.06349786309 )	0.0003276290769	0.0002640697529	0.294860334	( -1.95 1.95 -1.75 )	20.52059336	( -0.08843988262 -0.08844085747 -0.06349840915 )	0.5066208943	0.4663581554	-22.50416705	( -1.95 -1.95 1.95 )	22.50422145	( 0.05 0.05 -1.95 )	-1.826829103e-05	13.32236979	0.009561183053	( -0.08759529046 -0.08759529916 -0.1626240297 )	0.0111389548	( 0.07500728956 0.02500246198 -0.6250203845 )	0.01113142986	2.361409543e-05	-7.62077776e-19	( 0.55 0.15 -1.95 )	0.004990661059	( -0.03427324745 -0.03427832825 -0.09064678359 )	1.094814167e-06	5.080147034e-05
7	297.6259415	( 0.01210771765 0.01210771765 -0.391793364 )	300.0000853	( -0.05008589321 0.05008589321 1.150748067 )	299.9852515	0.1121564727	9.281193675e-06	( -1.95 1.95 0.15 )	1.008163793	( 0.05514915574 0.0680434916 -0.06725811041 )	0.001672333239	0.008999959499	4.161876003e-05	( 1.95 -1.95 -1.95 )	0.02562631061	( -0.1132820086 0.03823160603 -0.06349562512 )	0.0002879520355	0.0002763718004	0.2527163855	( -1.95 1.95 -1.75 )	20.63503993	( -0.09414546371 0.06937154211 -0.06936832482 )	0.4390177163	0.4577369869	-22.50416761	( 1.85 -1.75 1.95 )	22.50426373	( 0.05 0.05 -1.95 )	-9.912268647e-06	13.32237849	0.009805345826	( -0.1125581527 -0.08755078407 -0.1625690308 )	0.01114180859	( 0.07501146591 0.02500449149 -0.6750561597 )	0.01113118251	2.197922046e-05	-1.275087523e-17	( 0.55 0.15 -1.95 )	0.004991075467	( -0.03427324745 -0.03427832825 -0.09064678359 )	1.339275479e-06	5.646835227e-05
8	297.2286582	( 0.02504435714 0.02504435714 -0.5253099413 )	300.0000341	( -0.05000184489 0.05000184489 1.350024219 )	299.9768724	0.15018895	1.267609789e-05	( 1.95 -1.95 0.15 )	1.01643855	( 0.05514915574 0.0680434916 -0.06725811041 )	0.001883122719	0.009488405607	3.510265389e-05	( 1.95 -1.95 -1.95 )	0.02668324067	( -0.1132820086 0.03823160603 -0.06349562512 )	0.0002580894598	0.0002912453717	0.2230214206	( -1.95 1.95 -1.75 )	20.42327695	( -0.09414546371 0.06937154211 -0.06936832482 )	0.3905122301	0.4537418602	-22.50416805	( 1.75 -1.75 1.95 )	22.50433192	( 0.05 0.05 -1.95 )	-2.64144834e-05	13.3223893	0.01000400135	( -0.1125324449 -0.1125324465 -0.1625393734 )	0.01119760327	( -0.01265892836 -0.01265895613 -0.1387258701 )	0.0111309336	2.028324319e-05	-2.256493943e-16	( 0.55 0.15 -1.95 )	0.004991418365	( -0.03427324745 -0.03427832825 -0.09064678359 )	1.599266056e-06	6.1508951e-05
9	296.8181186	( 0.02500718106 0.02500718106 -0.5750639987 )	300.0000125	( -1.95 1.95 1.95 )	299.9645774	0.1966266088	1.703771732e-05	( 1.95 -1.95 0.05 )	1.022487428	( 0.05514915574 0.0680434916 -0.06725811041 )	0.002274747012	0.01023026172	3.013499947e-05	( 1.95 1.95 -1.95 )	0.02753019062	( -0.1132816817 -0.03823189414 -0.06349602186 )	0.0002348088935	0.0003099275249	0.1989008508	( -1.95 1.95 -1.65 )	19.99953435	( -0.09414546371 0.06937154211 -0.06936832482 )	0.3561258324	0.4540557972	-22.50417021	( 0.05 0.05 1.95 )	22.50446135	( 0.05 0.05 -1.95 )	-5.121346012e-05	13.32240097	0.01016819962	( -0.1125133376 -0.1125133378 -0.1875184495 )	0.0112804569	( -0.01258866947 -0.01258867016 -0.1628870389 )	0.01113054578	1.87779982e-05	-4.018429277e-15	( 0.55 0.15 -1.95 )	0.004991491919	( -0.03427324745 -0.03427832825 -0.09064678359 )	1.879281706e-06	6.605023694e-05
10	296.4355204	( 0.02500182536 0.02500182536 -0.625017097 )	300.0000114	( -1.95 -1.95 1.95 )	299.9471848	0.2530956577	2.267013951e-05	( -1.95 -1.95 -0.15 )	1.02378709	( 0.05514915574 0.0680434916 -0.06725811041 )	0.002881105918	0.01114029883	2.620532171e-05	( 1.95 1.95 -1.95 )	0.02881154491	( -0.1132816817 -0.03823189414 -0.06349602186 )	0.0002164460537	0.0003327341278	0.1802301825	( -1.95 1.95 -1.65 )	20.11327544	( -0.0886122736 0.08861297196 -0.08861196378 )	0.3294207142	0.4567903626	-22.50417188	( 0.05 0.05 1.95 )	22.50473253	( 0.05 0.05 -1.95 )	-6.995877069e-05	13.32241578	0.01030123545	( -0.162517756 -0.08751025406 -0.1875194327 )	0.01137809521	( -0.01251989166 -0.01251989097 -0.187601328 )	0.01113014324	1.743618054e-05	-2.09106746e-14	( 0.65 0.25 -1.95 )	0.0049915563	( -0.03427669201 0.03427611986 -0.09064605133 )	2.184354267e-06	7.022319458e-05
11	296.0851334	( 0.02500182536 0.02500182536 -0.625017097 )	300.00001	( -1.95 -1.95 1.95 )	299.9241342	0.3185040892	2.849119929e-05	( -1.95 -1.95 -0.25 )	1.020951311	( 0.05514915574 0.0680434916 -0.06725811041 )	0.003768264241	0.01227811244	2.29902866e-05	( 1.95 1.95 -1.95 )	0.03159452989	( -0.1137607949 0.03828643459 -0.08882580119 )	0.0002018886289	0.0003588733116	0.1654628149	( 1.95 1.95 1.95 )	20.66930271	( -0.0886122736 0.08861297196 -0.08861196378 )	0.3090385495	0.4615243299	-22.50417299	( 0.05 -0.05 1.95 )	22.50532704	( 0.05 0.05 -1.95 )	-7.941662965e-05	13.32243857	0.01041463156	( -0.1625397559 -0.08752208474 -0.2125509522 )	0.01148220491	( -0.01250299842 -0.01250299827 -0.2125231177 )	0.01112968066	1.641417895e-05	-5.80835138e-15	( -1.15 0.05 -1.95 )	0.004991587973	( -0.03427669201 0.03427611986 -0.09064605133 )	2.519160078e-06	7.416135928e-05
12	295.7746041	( 0.02500239313 0.02500239313 -0.6750496129 )	300.0000078	( -1.95 -1.95 1.95 )	299.8956879	0.3880552106	3.992234301e-05	( -1.95 -1.95 -0.35 )	1.015351221	( 0.05514915574 0.0680434916 -0.06725811041 )	0.005058105577	0.01382261897	2.026010061e-05	( 1.95 1.95 -1.95 )	0.03513512758	( -0.1137607949 0.03828643459 -0.08882580119 )	0.0001904038474	0.0003873208335	0.150998955	( 1.95 1.95 1.95 )	21.26199908	( -0.0886122736 0.08861297196 -0.08861196378 )	0.2935579162	0.4678760708	-22.50417409	( 0.05 -0.05 1.95 )	22.50664165	( 0.05 0.05 -1.95 )	-8.323046806e-05	13.32247457	0.01053198084	( -0.1626267325 -0.08756602196 -0.2376726794 )	0.011586047	( -0.01250084727 0.01250084726 -0.2375060703 )	0.01112912605	1.591731531e-05	-1.343435956e-13	( -1.15 0.05 -1.95 )	0.004991596239	( -0.03427669201 0.03427611986 -0.09064605133 )	2.88736214e-06	7.798803441e-05
13	295.5094381	( 0.02500417242 0.02500417242 -0.7252633277 )	300.0000048	( -1.95 -1.95 1.85 )	299.8596144	0.4605005696	6.888573135e-05	( -1.95 -1.95 -0.45 )	1.008442979	( 0.05514915574 0.0680434916 -0.06725811041 )	0.006861696485	0.01595553377	1.787059521e-05	( 1.95 1.95 -1.95 )	0.03844198499	( -0.0886122736 0.08861297196 -0.08861196378 )	0.0001815293267	0.000417092583	0.1376261165	( 1.95 1.95 1.95 )	21.74544472	( -0.0886122736 0.08861297196 -0.08861196378 )	0.2815608831	0.4757776956	-22.50417562	( 0.05 -0.05 1.95 )	22.50935628	( 0.05 0.05 -1.95 )	-8.474511511e-05	13.32252554	0.01062903959	( -0.1378372051 -0.1378372051 -0.2630598565 )	0.01169234283	( -0.01250084726 -0.01250084724 -0.2375060703 )	0.01112850856	1.610937455e-05	-4.822614585e-14	( 0.35 -1.85 -1.95 )	0.004991595337	( -0.03427669201 0.03427611986 -0.09064605133 )	3.290739753e-06	8.179790476e-05
14	295.2922551	( 0.02500704009 0.02500704009 -0.7760837518 )	300.0000026	( 1.95 1.95 -0.05 )	299.8175166	0.5320753744	0.0001272132466	( 1.95 1.95 1.35 )	1.003353022	( -0.05593290692 0.06620059639 -0.0552048809 )	0.009161330047	0.01873833503	1.577392578e-05	( 1.95 1.95 -1.95 )	0.04115302525	( -0.0886122736 0.08861297196 -0.08861196378 )	0.0001748341376	0.0004471820094	0.1240030778	( 1.95 1.95 1.95 )	22.05398915	( -0.0886122736 0.08861297196 -0.08861196378 )	0.2725778694	0.4850426733	-22.50417757	( 0.05 -0.05 1.95 )	22.51421674	( 0.05 0.05 -1.95 )	-8.518191804e-05	13.32258741	0.01071940577	( -0.1629915489 -0.1127557491 -0.2632222825 )	0.01180081015	( 0.0125025746 0.0125025746 -0.2625099793 )	0.01112779896	1.737499544e-05	-3.631850481e-16	( 0.35 -1.95 -1.65 )	0.004991585274	( -0.03427669201 0.03427611986 -0.09064605133 )	3.727117743e-06	8.56286184e-05
15	295.1207222	( 0.02501549571 0.02501549571 -0.828424782 )	300.0000074	( 1.95 1.95 -0.15 )	299.772479	0.598298608	0.000119398633	( 1.85 1.95 1.45 )	1.00329189	( -0.05593290692 0.06620059639 -0.0552048809 )	0.01180143604	0.02199344435	1.401795945e-05	( 1.95 -1.95 -1.95 )	0.04302317888	( -0.0886122736 0.08861297196 -0.08861196378 )	0.0001699454755	0.000476836363	0.1074640178	( 1.95 1.95 1.95 )	22.20280097	( -0.0886122736 0.08861297196 -0.08861196378 )	0.2665257357	0.4950862309	-22.50419359	( 1.95 1.95 1.95 )	22.52151372	( 0.05 0.05 -1.95 )	-8.067929088e-05	13.32265849	0.01079804895	( -0.1630507613 -0.1378778613 -0.2633784239 )	0.01189473926	( 0.0125068148 0.0125068148 -0.28753634 )	0.01112689385	2.010945263e-05	-6.058635347e-16	( 1.95 1.95 -1.85 )	0.004991573254	( -0.03427669201 0.03427611986 -0.09064605133 )	4.189905222e-06	8.944896816e-05
16	294.990096	( 0.0241553333 0.0241553333 -0.8836015108 )	300.0000311	( 1.95 1.95 -0.25 )	299.7347271	0.6534049915	5.469572484e-05	( -1.95 -1.75 1.45 )	1.003287922	( -0.05593290692 0.06620059639 -0.0552048809 )	0.01459418107	0.02546431162	1.200789104e-05	( -1.95 1.95 -1.95 )	0.0442439054	( -0.0886122736 0.08861297196 -0.08861196378 )	0.0001666625662	0.00050560909	0.09087851361	( 1.95 1.95 1.95 )	22.25216169	( -0.0886122736 0.08861297196 -0.08861196378 )	0.2635662525	0.5061183971	-22.5042817	( 1.95 1.95 1.95 )	22.5306857	( 0.05 0.05 -1.95 )	-5.69725775e-05	13.32276475	0.01087357531	( -0.1636368519 -0.1387184663 -0.2895706118 )	0.01198670477	( 0.0125068148 0.0125068148 -0.28753634 )	0.01112564233	2.452046969e-05	-1.316472451e-16	( 1.95 1.95 -1.65 )	0.004991560403	( -0.03427669201 0.03427611986 -0.09064605133 )	4.669268979e-06	9.31621358e-05
17	294.9179661	( 0.0241553333 0.0241553333 -0.8836015108 )	300.0001599	( 1.75 1.75 0.75 )	299.7153243	0.6840251465	9.020616498e-05	( -1.75 -1.55 1.35 )	1.003297196	( -0.05593290692 0.06620059639 -0.0552048809 )	0.01747125278	0.02893286519	1.035084263e-05	( -1.95 1.95 -1.95 )	0.04501967904	( -0.0886122736 0.08861297196 -0.08861196378 )	0.0001648880034	0.0005331793861	0.09125279725	( 1.95 -1.95 0.75 )	22.2433864	( -0.0886122736 0.08861297196 -0.08861196378 )	0.2639624977	0.5182195592	-22.504711	( 1.95 1.95 1.95 )	22.54055966	( 0.05 0.05 -1.95 )	2.205114247e-05	13.32303429	0.01094441218	( -0.1638593665 -0.1638593665 -0.2893452109 )	0.01207822906	( 0.01251201075 0.01251201075 -0.3126469577 )	0.01112384605	3.069335432e-05	-1.10307303e-16	( 0.15 -1.95 -0.95 )	0.004991548403	( -0.03427669201 0.03427611986 -0.09064605133 )	5.152295028e-06	9.663527897e-05
18	294.8922929	( 0.0241553333 0.0241553333 -0.8836015108 )	300.0005063	( 1.75 1.75 0.75 )	299.7189717	0.6831399316	0.0001874308554	( -1.55 -1.35 1.15 )	1.003298324	( -0.05593290692 0.06620059639 -0.0552048809 )	0.02061190238	0.03204008117	5.936231235e-06	( 1.95 -0.05 -0.25 )	0.04551361134	( -0.0886122736 0.08861297196 -0.08861196378 )	0.0001646710056	0.0005593056888	0.09212798864	( 1.95 1.95 0.85 )	22.19949806	( -0.0886122736 0.08861297196 -0.08861196378 )	0.2686223084	0.5312935986	-22.50574649	( 1.95 1.95 1.95 )	22.55092083	( 0.05 0.05 -1.95 )	0.0001986342725	13.32360357	0.01099502394	( 1.95 0.05 -0.35 )	0.0121581522	( 0.01251672876 0.01251672876 -0.3380565344 )	0.01112134129	3.844576244e-05	-6.009572305e-15	( 0.05 -1.95 -1.15 )	0.004991538746	( -0.03427669201 0.03427611986 -0.09064605133 )	5.625254655e-06	9.97349932e-05
19	294.8695822	( 0.05 0.05 -1.95 )	300.0013763	( 1.85 -0.05 -0.75 )	299.738115	0.661367292	0.0001412595888	( -1.65 0.55 -1.35 )	1.003299499	( -0.05593290692 0.06620059639 -0.0552048809 )	0.0244650396	0.03441456528	3.825849984e-06	( 1.95 -0.05 -0.25 )	0.04579917313	( -0.0886122736 0.08861297196 -0.08861196378 )	0.0001662840661	0.0005839203468	0.09212786421	( -1.95 -1.95 0.85 )	22.1214939	( -0.0886122736 0.08861297196 -0.08861196378 )	0.2771141816	0.5450886717	-22.50730226	( 1.95 1.95 1.95 )	22.56342675	( 0.05 0.05 -1.95 )	0.0005099532687	13.32447959	0.01088653627	( 1.95 0.05 -1.35 )	0.01223276081	( 0.01251672876 0.01251672876 -0.3380565344 )	0.0111177924	4.81932801e-05	-2.19871039e-14	( -0.05 -1.95 -1.25 )	0.004991530971	( -0.03427669201 0.03427611986 -0.09064605133 )	6.079204018e-06	0.0001023845081
20	294.7813446	( 0.05 0.05 -1.95 )	300.0086168	( 1.95 0.35 -1.15 )	299.7626885	0.6285280158	0.0007091287999	( -1.050000158 -1.050000158 0.850000133 )	1.003308621	( -0.05593290692 0.06620059639 -0.0552048809 )	0.02912566758	0.03615924509	3.034106285e-06	( 0.05 1.95 -0.25 )	0.04598266219	( -0.0886122736 0.08861297196 -0.08861196378 )	0.0001699476848	0.0006072119373	0.09690325951	( -1.95 -1.95 0.85 )	22.26212957	( -0.09414546371 0.06937154211 -0.06936832482 )	0.2905136289	0.5600260363	-22.50895777	( 1.95 -1.95 1.95 )	22.57638547	( 0.05 0.05 -1.95 )	0.0008833983455	13.32538468	0.01079361294	( 1.95 0.05 -1.45 )	0.01230657252	( 0.01252730655 0.01252730655 -0.3642260111 )	0.01111340014	5.915383607e-05	-9.056298427e-14	( 1.95 1.95 -1.55 )	0.004991526115	( -0.03427669201 0.03427611986 -0.09064605133 )	6.506760118e-06	0.0001045550504
21	294.7344702	( 0.05 0.05 -1.95 )	300.0113536	( 1.85 0.25 -1.15 )	299.7865181	0.5930003452	0.0003633359595	( 0.8500127548 0.9500138428 0.7500114455 )	1.003321404	( -0.05593290692 0.06620059639 -0.0552048809 )	0.03409511538	0.03766833321	2.743826388e-06	( 1.95 -0.05 -0.15 )	0.04615659236	( -0.0886122736 0.08861297196 -0.08861196378 )	0.0001756806618	0.0006293576025	0.1023043126	( -1.45 1.95 0.35 )	22.42470183	( -0.09414546371 0.06937154211 -0.06936832482 )	0.3078287771	0.5753066995	-22.51029972	( 1.95 -1.95 1.95 )	22.58851228	( 0.05 0.05 -1.95 )	0.001204406457	13.32600168	0.01075153107	( 1.95 0.05 -1.55 )	0.01238318381	( 0.02518016601 0.02518016601 -0.4762428025 )	0.01110925656	6.89214403e-05	-1.238339199e-14	( 1.65 1.95 -1.35 )	0.004991523659	( -0.03427669201 0.03427611986 -0.09064605133 )	6.900153553e-06	0.0001062591856
22	294.7225072	( 0.05 0.05 -1.95 )	300.0117655	( 1.75 0.05 -1.15 )	299.8074295	0.5588218053	0.001030467576	( -0.8501891551 0.6501533607 0.7501738777 )	1.003329059	( -0.05593290692 0.06620059639 -0.0552048809 )	0.0387381351	0.03920179897	2.708796586e-06	( 1.95 -0.05 -0.05 )	0.04703711094	( -0.09414546371 0.06937154211 -0.06936832482 )	0.000182948105	0.0006505903585	0.1079100867	( -1.95 -1.45 0.55 )	22.56206308	( -0.09414546371 0.06937154211 -0.06936832482 )	0.3303569655	0.592596352	-22.51117545	( -1.95 -1.95 1.95 )	22.60019765	( 0.05 0.05 -1.95 )	0.001478749111	13.3262222	0.01081721605	( 1.85 -1.95 -1.55 )	0.01248168771	( 0.02504435714 0.02504435714 -0.5253099413 )	0.01110564183	7.695614344e-05	-5.007319833e-14	( -1.95 1.95 -1.45 )	0.004991523382	( -0.03427669201 0.03427611986 -0.09064605133 )	7.254058863e-06	0.0001075281024
23	294.7370508	( 0.05 0.05 -1.95 )	300.011579	( 1.65 0.05 -1.15 )	299.8262939	0.5259186324	0.0006502709937	( -1.25 -1.25 -1.45 )	1.0033254	( -0.05593290692 0.06620059639 -0.0552048809 )	0.04261522035	0.04080028158	1.861730541e-06	( 0.05 -0.15 1.95 )	0.0480200211	( -0.09414546371 0.06937154211 -0.06936832482 )	0.0001910675886	0.0006711123278	0.1122095247	( -0.05000012744 -0.2500006254 1.450002262 )	22.67466401	( -0.09414546371 0.06937154211 -0.06936832482 )	0.3556312563	0.6110048238	-22.51167654	( -1.95 -1.95 1.95 )	22.60993911	( 0.05 0.05 -1.95 )	0.001654226417	13.32614329	0.01082320065	( -1.95 -1.95 -1.65 )	0.01256365804	( 0.02500718106 -0.02500718106 -0.5750639987 )	0.01110177096	8.566600567e-05	-2.075753596e-13	( 0.05 -1.85 -1.25 )	0.004991524751	( -0.03427669201 0.03427611986 -0.09064605133 )	7.559433733e-06	0.0001083738681
24	294.7768319	( 0.05 0.05 -1.95 )	300.0106013	( 0.45 -1.55 -1.05 )	299.8439226	0.4949907613	0.0003526531554	( -0.6508108564 0.6508108564 0.7509058924 )	1.00330974	( -0.05593290692 0.06620059639 -0.0552048809 )	0.04556618947	0.0423684877	1.577636336e-06	( -0.05 -0.05 1.95 )	0.04893544504	( -0.09414546371 0.06937154211 -0.06936832482 )	0.0001994978733	0.0006911661597	0.1128980932	( -0.05000140155 -0.2500067072 1.350020302 )	22.76457133	( -0.09414546371 0.06937154211 -0.06936832482 )	0.3812026213	0.6297443548	-22.51192929	( -1.95 -1.95 1.95 )	22.61911671	( 0.05 0.05 -1.95 )	0.0017758183	13.32596809	0.01081923266	( -0.25 -1.95 -1.65 )	0.01263301119	( 0.02500182536 -0.02500182536 -0.625017097 )	0.0110978009	9.435013741e-05	-1.128041413e-13	( -0.25 1.95 -1.45 )	0.004991527593	( -0.03427669201 0.03427611986 -0.09064605133 )	7.809042067e-06	0.0001088067061
25	294.8446099	( 0.05 -0.05 -1.95 )	300.0104672	( 0.6500000014 -1.450000002 -0.9500000019 )	299.8607664	0.466059868	0.0004170653266	( 0.3509989816 -0.7517510502 0.7517510502 )	1.003277638	( -0.05593290692 0.06620059639 -0.0552048809 )	0.0476405933	0.0437920148	1.522847514e-06	( 0.05 -0.05 1.95 )	0.04978540968	( -0.09414546371 0.06937154211 -0.06936832482 )	0.0002078093653	0.0007110185068	0.112571296	( -0.05001084183 -0.2500503158 1.250126214 )	22.83422586	( -0.09414546371 0.06937154211 -0.06936832482 )	0.4063001384	0.6498421405	-22.51197941	( -1.95 -1.95 1.95 )	22.62818165	( 0.05 0.05 -1.95 )	0.001869997781	13.32580017	0.01091597931	( -0.35 -1.95 -1.65 )	0.0126900992	( -0.02500182536 -0.02500182536 -0.625017097 )	0.01109389476	0.0001026203763	-3.277108046e-13	( -0.55 -1.85 -1.35 )	0.004991530745	( -0.03427669201 0.03427611986 -0.09064605133 )	7.997760315e-06	0.0001088388584
26	294.9180478	( -0.05 -0.05 -1.95 )	300.0101229	( 0.7500000064 -1.350000009 -0.9500000078 )	299.8768854	0.4390628653	0.0009545667049	( -0.5510069777 0.5510069777 0.8511963909 )	1.003229462	( -0.05593290692 0.06620059639 -0.0552048809 )	0.04888494189	0.04502623582	1.413092184e-06	( 0.05 0.05 1.95 )	0.0505648967	( -0.09414546371 0.06937154211 -0.06936832482 )	0.0002155771221	0.0007309932646	0.1115562816	( -0.05001319359 -0.1500384447 1.250142987 )	22.8854669	( -0.09414546371 0.06937154211 -0.06936832482 )	0.4303158456	0.671354221	-22.51189432	( -1.95 -1.95 1.95 )	22.63709764	( 0.05 0.05 -1.95 )	0.001968285268	13.32566819	0.01096906671	( 1.95 -1.95 -1.65 )	0.01273998924	( -0.02500417242 -0.02500417242 -0.7252633277 )	0.0110899928	0.0001105012148	-2.907841737e-13	( 0.15 -1.75 -1.25 )	0.004991534377	( -0.03427669201 0.03427611986 -0.09064605133 )	8.124182854e-06	0.0001084836329
27	294.9977191	( -0.05 -0.05 -1.95 )	300.0097584	( 0.7500000447 -1.25000006 -0.9500000527 )	299.8915876	0.4141996235	0.0002979056911	( 0.2508975516 -0.6518522919 0.8519290384 )	1.003169701	( -0.05593290692 0.06620059639 -0.0552048809 )	0.04932176973	0.04608976675	1.158806984e-06	( 0.05 0.05 1.95 )	0.05127941139	( -0.09414546371 0.06937154211 -0.06936832482 )	0.0002224842051	0.000751276307	0.1096773449	( -0.05001482866 -0.05001482866 1.25015443 )	22.92204164	( -0.09414546371 0.06937154211 -0.06936832482 )	0.4514089758	0.6931766342	-22.51169654	( -1.95 -1.95 1.95 )	22.64533507	( 0.05 0.05 -1.95 )	0.002034034446	13.32555982	0.01093934821	( 1.95 -1.85 -1.65 )	0.01278002635	( -0.02500704009 -0.02500704009 -0.7760837518 )	0.01108611036	0.0001178933603	-2.143173656e-13	( -1.15 -1.85 -1.35 )	0.004991537478	( -0.03427669201 0.03427611986 -0.09064605133 )	8.190182199e-06	0.0001077767676
28	295.0894931	( -0.05 -0.05 -1.95 )	300.0081196	( -1.15000021 0.65000014 -1.050000199 )	299.904012	0.3918022417	0.0001858061918	( 0.4509162461 0.4509162461 0.951273177 )	1.003104019	( -0.05593290692 0.06620059639 -0.0552048809 )	0.0490778003	0.04693795677	7.752230195e-07	( -0.05 0.05 1.95 )	0.05194182454	( -0.09414546371 0.06937154211 -0.06936832482 )	0.0002282973171	0.0007717907853	0.1058523694	( -0.05001319359 -0.1500384447 1.250142987 )	22.94883921	( -0.09414546371 0.06937154211 -0.06936832482 )	0.4690174694	0.7151466117	-22.51139321	( -1.95 -1.95 1.95 )	22.65253976	( 0.05 0.05 -1.95 )	0.002037104283	13.32544107	0.01093394331	( 1.95 -1.75 -1.65 )	0.01281127802	( -0.02501549571 -0.02501549571 -0.828424782 )	0.01108235065	0.0001246088761	-1.106919556e-12	( -1.95 0.05 -1.45 )	0.004991540637	( -0.03427669201 0.03427611986 -0.09064605133 )	8.200796107e-06	0.0001067666575
29	295.1922357	( -0.05 -0.05 -1.95 )	300.0063029	( -1.050000896 0.6500006273 -1.050000896 )	299.9138758	0.3721762063	5.16712816e-05	( 0.05000014726 0.1500004382 1.450002539 )	1.003032771	( -0.05593290692 0.06620059639 -0.0552048809 )	0.04831526652	0.04751895814	3.696625475e-07	( -0.05 -0.05 1.95 )	0.05255869753	( -0.09414546371 0.06937154211 -0.06936832482 )	0.0002333105405	0.0007923099994	0.09983487282	( -0.05000167249 -0.150004897 1.350022826 )	22.96871259	( -0.09414546371 0.06937154211 -0.06936832482 )	0.4815746929	0.7349542075	-22.51098375	( -1.95 -1.95 1.95 )	22.65863624	( 0.05 0.05 -1.95 )	0.001976040909	13.32529719	0.01092683786	( -1.65 1.95 -1.65 )	0.01283142848	( -0.0241553333 -0.0241553333 -0.8836015108 )	0.01107888213	0.0001305758505	-1.400207245e-12	( 0.05 -1.75 -1.35 )	0.004991542857	( -0.03427669201 0.03427611986 -0.09064605133 )	8.164183218e-06	0.0001055238202
30	295.3033962	( -0.05 -0.05 -1.95 )	300.0038072	( -0.9500012886 -0.5500008549 -1.15000142 )	299.9210394	0.3549440716	0.0002101070957	( 0.05000184489 -0.05000184489 1.350024219 )	1.002963132	( -0.05593290692 0.06620059639 -0.0552048809 )	0.04732416149	0.04769614252	4.545077231e-07	( 0.45 0.45 1.95 )	0.05313754303	( -0.09414546371 0.06937154211 -0.06936832482 )	0.000237584156	0.0008121837882	0.09434561733	( 0.1500038189 -0.2500062224 1.350019152 )	22.98433734	( -0.09414546371 0.06937154211 -0.06936832482 )	0.4904211967	0.753303124	-22.51050132	( -1.95 -1.85 1.95 )	22.66366239	( 0.05 0.05 -1.95 )	0.001855742266	13.32512948	0.01096283877	( -1.65 1.95 -1.65 )	0.01283396382	( -0.0241553333 -0.0241553333 -0.8836015108 )	0.01107582139	0.0001357509488	-5.76925975e-12	( 1.65 0.05 -1.35 )	0.004991544972	( -0.03427669201 0.03427611986 -0.09064605133 )	8.090285362e-06	0.0001041429257
31	295.41862	( -0.05 -0.05 -1.95 )	300.0021237	( -1.15 -0.8500000002 -1.35 )	299.9260232	0.3409224488	0.0004976385524	( 0.6500000711 -0.5500000606 1.450000104 )	1.002897144	( -0.05593290692 0.06620059639 -0.0552048809 )	0.0462339212	0.04757977271	5.214541992e-07	( 0.55 0.65 1.95 )	0.0536836266	( -0.09414546371 0.06937154211 -0.06936832482 )	0.0002407421632	0.0008305309949	0.09075111014	( 0.1500044879 -0.1500044879 1.350021544 )	22.99789519	( -0.09414546371 0.06937154211 -0.06936832482 )	0.49479019	0.7671728107	-22.50997391	( -1.95 -1.85 1.95 )	22.66770073	( 0.05 -0.05 -1.95 )	0.001689289657	13.32495909	0.01098186908	( -1.65 1.95 -1.65 )	0.01282108215	( -0.0241553333 -0.0241553333 -0.8836015108 )	0.01107315221	0.0001401545774	-4.750914349e-12	( 1.65 -0.25 -1.35 )	0.004991546211	( -0.03427669201 0.03427611986 -0.09064605133 )	7.98801244e-06	0.000102727078
32	295.5323923	( -0.05 -0.05 -1.95 )	300.001053	( -1.15 -0.8500000002 -1.35 )	299.92924	0.329318886	7.527248016e-05	( 0.45 0.65 1.95 )	1.002834623	( -0.05593290692 0.06620059639 -0.0552048809 )	0.04477458251	0.04726872231	2.784933268e-07	( 0.65 0.55 1.95 )	0.05420091664	( -0.09414546371 0.06937154211 -0.06936832482 )	0.0002422898291	0.0008466161687	0.08858974196	( 0.2500005856 0.150000355 1.450002133 )	23.010997	( -0.09414546371 0.06937154211 -0.06936832482 )	0.49413142	0.7756168705	-22.50942203	( -1.95 -1.85 1.95 )	22.67091875	( 0.05 -0.05 -1.95 )	0.001547506635	13.32475581	0.01098599835	( 1.85 1.95 -1.75 )	0.01285188228	( 0.05 -0.05 -1.95 )	0.01107084562	0.0001438226839	-8.217580562e-12	( 1.65 0.05 -1.35 )	0.00499154733	( -0.03427669201 0.03427611986 -0.09064605133 )	7.866981735e-06	0.0001013917306
33	295.6422044	( -0.05 -0.05 -1.95 )	300.0003943	( -1.050000001 -0.8500000006 -1.350000001 )	299.9315198	0.3210420274	0.0002546234833	( -0.85 0.85 1.65 )	1.002776041	( -0.05593290692 0.06620059639 -0.0552048809 )	0.04335454773	0.0467480739	3.589185854e-07	( 0.95 -0.05 1.95 )	0.05469368354	( -0.09414546371 0.06937154211 -0.06936832482 )	0.0002426118475	0.0008603680398	0.08725851701	( 0.05000014726 -0.1500004382 1.450002539 )	23.02497438	( -0.09414546371 0.06937154211 -0.06936832482 )	0.4879258387	0.7800198256	-22.50888136	( -1.95 -1.85 1.95 )	22.67331781	( -0.05 -0.05 -1.95 )	0.001409122798	13.3245661	0.01097713949	( 1.55 -1.95 -1.75 )	0.01287178389	( -0.05 -0.05 -1.95 )	0.0110689489	0.0001467711526	-1.655177278e-12	( 1.65 -0.55 -1.35 )	0.004991547871	( -0.03427669201 0.03427611986 -0.09064605133 )	7.734583176e-06	0.0001002185249
34	295.741837	( -0.05 -0.05 -1.95 )	300.0003172	( -1.45 1.35 -1.45 )	299.9327096	0.3148153838	0.0004842076321	( -0.55 1.05 1.95 )	1.002723119	( -0.05593290692 0.06620059639 -0.0552048809 )	0.04203217058	0.04606689577	4.250545975e-07	( 0.85 -0.85 1.95 )	0.05516391422	( -0.09414546371 0.06937154211 -0.06936832482 )	0.0002419139453	0.0008718180693	0.08686593922	( 0.0500000084 -0.1500000251 1.550000175 )	23.04030798	( -0.09414546371 0.06937154211 -0.06936832482 )	0.4799555061	0.7820766647	-22.5083792	( -1.95 -1.85 1.95 )	22.67484993	( -0.05 -0.05 -1.95 )	0.001268106084	13.32440444	0.01097950548	( -1.95 -1.45 -1.75 )	0.01287250496	( -0.05 -0.05 -1.95 )	0.01106733618	0.0001490767825	-2.650230117e-11	( 1.250000011 0.05000000045 -1.250000011 )	0.00499154828	( -0.03427669201 0.03427611986 -0.09064605133 )	7.598169647e-06	9.926601175e-05
35	295.7394118	( 0.0241553333 0.0241553333 -0.8836015108 )	300.0002513	( -1.45 1.25 -1.45 )	299.9336287	0.311445171	0.0005053535523	( 1.45 -0.05 -1.55 )	1.002676288	( -0.05593290692 0.06620059639 -0.0552048809 )	0.0407038123	0.04537744783	3.739672634e-07	( -0.95 0.95 1.95 )	0.05561083248	( -0.09414546371 0.06937154211 -0.06936832482 )	0.0002403702826	0.0008812500907	0.08602928258	( 0.05000000888 -0.05000000888 1.550000184 )	23.05687191	( -0.09414546371 0.06937154211 -0.06936832482 )	0.4704870602	0.7834174408	-22.50795769	( -1.95 -1.95 1.95 )	22.67533129	( -0.05 -0.05 -1.95 )	0.001141895698	13.32426656	0.01098633711	( -1.95 -1.55 -1.75 )	0.01284954753	( -0.05 -0.05 -1.95 )	0.01106591391	0.0001508107662	-6.113331709e-12	( -0.15 1.85 -1.45 )	0.004991548531	( -0.03427669201 0.03427611986 -0.09064605133 )	7.463218213e-06	9.856671002e-05
36	295.7303738	( 0.0241553333 0.0241553333 -0.8836015108 )	300.000375	( 1.55 -1.55 -1.55 )	299.9337028	0.3094265377	0.0003605828912	( 0.0241553333 -0.0241553333 0.8836015108 )	1.002634605	( -0.05593290692 0.06620059639 -0.0552048809 )	0.03951852235	0.04466457722	4.84579018e-07	( -1.05 -0.95 1.95 )	0.05603344606	( -0.09414546371 0.06937154211 -0.06936832482 )	0.0002383368071	0.0008890351234	0.08494047846	( 0.05000000021 -0.05000000021 1.650000006 )	23.07433918	( -0.09414546371 0.06937154211 -0.06936832482 )	0.460147827	0.7847159421	-22.5076079	( -1.95 -1.95 1.95 )	22.6749395	( -0.05 -0.05 -1.95 )	0.001030840063	13.32415421	0.01098764964	( 1.95 -1.95 -1.65 )	0.01280691433	( -0.05 -0.05 -1.95 )	0.01106465146	0.0001520005184	-1.799835604e-10	( 1.250000001 0.05000000004 -1.350000001 )	0.004991548621	( -0.03427669201 0.03427611986 -0.09064605133 )	7.336046099e-06	9.813096314e-05
37	295.7197448	( 0.0241553333 0.0241553333 -0.8836015108 )	300.0004128	( -1.55 1.55 -1.55 )	299.9339087	0.309608552	0.0004678572876	( 0.02501549571 -0.02501549571 0.828424782 )	1.002596921	( -0.05593290692 0.06620059639 -0.0552048809 )	0.03849673597	0.04397657119	5.472499735e-07	( 1.15 -1.05 1.95 )	0.05643094225	( -0.09414546371 0.06937154211 -0.06936832482 )	0.0002361131018	0.0008955993375	0.0838056926	( 0.05 -0.05 1.75 )	23.09223362	( -0.09414546371 0.06937154211 -0.06936832482 )	0.450589909	0.7860528039	-22.50732179	( -1.95 -1.95 1.95 )	22.67392464	( -0.05 -0.05 -1.95 )	0.000935413731	13.32406848	0.01098763376	( 1.95 -1.95 -1.65 )	0.01275260028	( -0.05 -0.05 -1.95 )	0.01106345411	0.0001527230162	-2.581993231e-11	( -0.05 1.65 -1.35 )	0.004991548918	( -0.03427669201 0.03427611986 -0.09064605133 )	7.220585624e-06	9.793315213e-05
38	295.7159933	( 0.0241553333 0.0241553333 -0.8836015108 )	300.0004067	( -1.55 1.55 -1.55 )	299.933409	0.3103699463	0.0003439315007	( 0.02501549571 -0.02501549571 0.828424782 )	1.002561869	( -0.05593290692 0.06620059639 -0.0552048809 )	0.03760892543	0.04336913428	6.080809574e-07	( 1.15 1.15 1.95 )	0.05680295146	( -0.09414546371 0.06937154211 -0.06936832482 )	0.0002337853684	0.0009013492332	0.0825547728	( -0.05 -0.05 1.95 )	23.11006084	( -0.09414546371 0.06937154211 -0.06936832482 )	0.4423616253	0.7874279332	-22.5070953	( -1.95 -1.95 1.95 )	22.67256811	( -0.05 -0.05 -1.95 )	0.0008612775305	13.32400263	0.0109876304	( 1.95 -1.95 -1.65 )	0.01271816193	( 0.02500239313 0.02500239313 -0.6750496129 )	0.01106226406	0.0001530377046	-6.877389112e-10	( 1.25 0.25 -1.45 )	0.004991548938	( -0.03427669201 0.03427611986 -0.09064605133 )	7.121687477e-06	9.794028186e-05
39	295.7146989	( 0.0241553333 0.0241553333 -0.8836015108 )	300.0003695	( -1.55 1.55 -1.55 )	299.9331784	0.3126675837	0.0007264441595	( 0.02500704009 -0.02500704009 0.7760837518 )	1.00252893	( -0.05593290692 0.06620059639 -0.0552048809 )	0.03685629818	0.04285129335	7.241711663e-07	( 1.25 1.15 1.95 )	0.0571496309	( -0.09414546371 0.06937154211 -0.06936832482 )	0.000231504978	0.0009067449451	0.08072348619	( 0.05 -0.05 1.95 )	23.12738319	( -0.09414546371 0.06937154211 -0.06936832482 )	0.4344928589	0.7887495424	-22.50691782	( -1.95 -1.95 1.95 )	22.67114041	( -0.05 -0.05 -1.95 )	0.0008066418867	13.32395227	0.01098763029	( -1.95 1.95 -1.65 )	0.01274168877	( 0.02500239313 0.02500239313 -0.6750496129 )	0.01106105209	0.0001530133591	-1.038438342e-10	( 1.150000065 0.1500000091 -1.250000066 )	0.004991549485	( -0.03427669201 0.03427611986 -0.09064605133 )	7.041143393e-06	9.809951105e-05
40	295.719244	( 0.0241553333 0.0241553333 -0.8836015108 )	300.0003203	( -1.55 1.55 -1.55 )	299.9323632	0.3150007164	0.0003830241766	( 0.02500704009 0.02500704009 0.7760837518 )	1.002499911	( -0.05593290692 0.06620059639 -0.0552048809 )	0.03622495777	0.04242959569	8.704293899e-07	( -1.25 -1.25 1.95 )	0.05747186828	( -0.09414546371 0.06937154211 -0.06936832482 )	0.0002293512675	0.0009121584418	0.07974621966	( 0.05 -0.05 1.95 )	23.1439105	( -0.09414546371 0.06937154211 -0.06936832482 )	0.4278222495	0.7898867745	-22.50678386	( -1.95 -1.95 1.95 )	22.66987174	( -0.05 -0.05 -1.95 )	0.0007672673483	13.32391324	0.01098762702	( -1.95 1.95 -1.65 )	0.0127647657	( 0.02500239313 0.02500239313 -0.6750496129 )	0.01105980978	0.0001527214743	-1.28327934e-09	( 1.35 -0.15 -1.45 )	0.004991549562	( -0.03427669201 0.03427611986 -0.09064605133 )	6.981173305e-06	9.836144251e-05
41	295.7264712	( 0.0241553333 0.0241553333 -0.8836015108 )	300.0002777	( -1.45 1.45 -1.55 )	299.9318314	0.3182526971	0.0004585380295	( 0.02500704009 0.02500704009 0.7760837518 )	1.00247355	( -0.05593290692 0.06620059639 -0.0552048809 )	0.03570134626	0.04210189111	9.882175746e-07	( 1.35 1.35 1.95 )	0.05777110643	( -0.09414546371 0.06937154211 -0.06936832482 )	0.0002274107354	0.000917931173	0.07953517936	( 0.05 -0.05 1.95 )	23.15946831	( -0.09414546371 0.06937154211 -0.06936832482 )	0.4219825411	0.7909341966	-22.50668192	( -1.95 -1.95 1.95 )	22.66894045	( -0.05 -0.05 -1.95 )	0.0007377590701	13.32388119	0.01098762424	( -1.95 1.95 -1.65 )	0.01278673971	( 0.02500417242 0.02500417242 -0.7252633277 )	0.01105854035	0.000152251397	-1.97029396e-10	( 1.65 -0.85 -1.55 )	0.004991550349	( -0.03427669201 0.03427611986 -0.09064605133 )	6.941332531e-06	9.867638473e-05
42	295.7377939	( 0.0241553333 0.0241553333 -0.8836015108 )	300.0002659	( -1.45 1.45 -1.55 )	299.9308521	0.3211322779	0.0007407919057	( 0.02500417242 0.02500417242 0.7252633277 )	1.002448486	( -0.05593290692 0.06620059639 -0.0552048809 )	0.03527273407	0.04186486858	9.464670883e-07	( 1.95 -1.05 0.25 )	0.05804967894	( -0.09414546371 0.06937154211 -0.06936832482 )	0.0002258119783	0.0009243244509	0.07981128443	( 0.05 0.05 1.95 )	23.17408417	( -0.09414546371 0.06937154211 -0.06936832482 )	0.4166430768	0.7920787384	-22.5066097	( -1.95 -1.95 1.95 )	22.66847224	( -0.05 -0.05 -1.95 )	0.0007132422712	13.32385587	0.01098762425	( -1.95 1.95 -1.65 )	0.01280860567	( 0.02500417242 0.02500417242 -0.7252633277 )	0.01105725707	0.0001516900585	-3.103732953e-09	( 1.45 0.45 -1.55 )	0.004991550518	( -0.03427669201 0.03427611986 -0.09064605133 )	6.920890023e-06	9.900312192e-05
43	295.751658	( 0.0241553333 0.0241553333 -0.8836015108 )	300.0002751	( 1.85 1.85 -1.65 )	299.9301715	0.3243926847	0.0003826558614	( 0.02500417242 0.02500417242 0.7252633277 )	1.002424176	( -0.05593290692 0.06620059639 -0.0552048809 )	0.03493085289	0.04171219015	8.581437754e-07	( 1.95 -1.05 0.25 )	0.05830971406	( -0.09414546371 0.06937154211 -0.06936832482 )	0.0002246323892	0.0009315000063	0.08054162596	( 0.05 0.05 1.95 )	23.18775957	( -0.09414546371 0.06937154211 -0.06936832482 )	0.4122034493	0.7935347844	-22.5065578	( -1.95 -1.95 1.95 )	22.66885738	( 0.05 -0.05 -1.95 )	0.0006913229141	13.32383577	0.01098762582	( -1.95 1.95 -1.65 )	0.01282776535	( 0.02500704009 0.02500704009 -0.7760837518 )	0.01105597536	0.0001511232788	-7.626557289e-10	( 1.75 -0.95 -1.65 )	0.004991551462	( -0.03427669201 0.03427611986 -0.09064605133 )	6.917420076e-06	9.930995355e-05
44	295.7675935	( 0.0241553333 0.0241553333 -0.8836015108 )	300.0003031	( -1.85 -1.85 -1.65 )	299.9292169	0.3269327755	0.0005627037765	( 0.02500417242 0.02500417242 0.7252633277 )	1.002399962	( -0.05593290692 0.06620059639 -0.0552048809 )	0.03467056351	0.04163398281	7.913286291e-07	( 1.95 -0.95 0.35 )	0.0585534654	( -0.09414546371 0.06937154211 -0.06936832482 )	0.0002238298407	0.0009395288138	0.08158693351	( 0.05 0.05 1.95 )	23.20058232	( -0.09414546371 0.06937154211 -0.06936832482 )	0.4089346559	0.7955530161	-22.50652596	( -1.95 -1.95 1.95 )	22.67002428	( 0.05 0.05 -1.95 )	0.0006707161108	13.32381974	0.01098762847	( -1.95 1.95 -1.65 )	0.01284642901	( 0.02500704009 0.02500704009 -0.7760837518 )	0.01105469678	0.000150621995	-2.345455902e-09	( -0.35 -1.45 -1.55 )	0.004991551671	( -0.03427669201 0.03427611986 -0.09064605133 )	6.927746262e-06	9.95704502e-05
45	295.784777	( 0.0241553333 0.0241553333 -0.8836015108 )	300.000321	( 1.85 1.85 -1.65 )	299.9286023	0.3294421078	0.0007124115277	( 1.45 -0.15 -1.45 )	1.002376479	( -0.05593290692 0.06620059639 -0.0552048809 )	0.03448576486	0.04161744526	7.101839244e-07	( 1.95 -0.95 0.35 )	0.05878314759	( -0.09414546371 0.06937154211 -0.06936832482 )	0.0002234720748	0.0009483787802	0.08283252303	( 0.05 0.05 1.95 )	23.2126663	( -0.09414546371 0.06937154211 -0.06936832482 )	0.405657912	0.7982580574	-22.50650774	( -1.95 -1.95 1.95 )	22.67160709	( 0.05 0.05 -1.95 )	0.0006545899397	13.32380986	0.01098763025	( -1.95 -1.95 -1.65 )	0.01286214219	( 0.02501549571 0.02501549571 -0.828424782 )	0.01105344095	0.000150239477	-2.199719993e-09	( 1.65 -0.85 -1.65 )	0.00499155268	( -0.03427669201 0.03427611986 -0.09064605133 )	6.948396341e-06	9.977065486e-05
46	295.801823	( 0.0241553333 -0.0241553333 -0.8836015108 )	300.0003325	( 1.85 1.85 -1.65 )	299.9278244	0.3310674208	0.0005269359958	( 0.02500239313 0.02500239313 0.6750496129 )	1.002353792	( -0.05593290692 0.06620059639 -0.0552048809 )	0.03437584498	0.0416466638	6.539571915e-07	( 1.95 -0.95 0.45 )	0.05900110356	( -0.09414546371 0.06937154211 -0.06936832482 )	0.0002235010739	0.0009579386348	0.0841925849	( 0.05 0.05 1.95 )	23.22422394	( -0.09414546371 0.06937154211 -0.06936832482 )	0.403806665	0.8017846968	-22.50650321	( -1.95 -1.95 1.95 )	22.67339379	( 0.05 0.05 -1.95 )	0.0006412826536	13.32380396	0.01098762888	( -1.95 -1.95 -1.65 )	0.01287628368	( 0.02501549571 0.02501549571 -0.828424782 )	0.0110522155	0.0001499983692	-4.248124332e-09	( -0.55 1.75 -1.65 )	0.004991552905	( 0.03427697052 -0.03427441485 -0.09064679277 )	6.975553501e-06	9.989868461e-05
47	295.8185184	( 0.0241553333 -0.0241553333 -0.8836015108 )	300.0003397	( 1.85 1.85 -1.65 )	299.9274209	0.3324773705	0.000560323693	( 0.02500239313 0.02500239313 0.6750496129 )	1.002331954	( -0.05593290692 0.06620059639 -0.0552048809 )	0.03433881359	0.04170363975	6.132743601e-07	( 1.95 -0.85 0.45 )	0.05920956561	( -0.09414546371 0.06937154211 -0.06936832482 )	0.0002238401125	0.0009680569186	0.08560283129	( 0.05 0.05 1.95 )	23.2355089	( -0.09414546371 0.06937154211 -0.06936832482 )	0.4025542494	0.8058970802	-22.50650834	( -1.95 -1.95 1.95 )	22.67522782	( 0.05 0.05 -1.95 )	0.0006311123338	13.32380084	0.01098762806	( -1.95 -1.95 -1.65 )	0.01288606144	( 0.02501549571 0.02501549571 -0.828424782 )	0.01105103205	0.0001499081491	-6.188013269e-09	( 1.15 1.85 -1.75 )	0.004991553896	( -0.03427669201 0.03427611986 -0.09064605133 )	7.006088413e-06	9.995398922e-05
48	295.8344151	( 0.0241553333 -0.0241553333 -0.8836015108 )	300.0003427	( 1.85 1.85 -1.65 )	299.9268817	0.3330296549	0.0009660469565	( 0.02500239313 0.02500239313 0.6750496129 )	1.002310751	( -0.05593290692 0.06620059639 -0.0552048809 )	0.03437230192	0.04177052581	5.754614054e-07	( -0.75 1.95 0.55 )	0.05941057397	( -0.09414546371 0.06937154211 -0.06936832482 )	0.0002244432354	0.0009785360275	0.08701607516	( 0.05 0.05 1.95 )	23.24677844	( -0.09414546371 0.06937154211 -0.06936832482 )	0.4015573338	0.8106201802	-22.50652395	( -1.95 -1.95 1.95 )	22.67697526	( 0.05 0.05 -1.95 )	0.0006238155492	13.32379943	0.01098762763	( -1.95 -1.95 -1.65 )	0.01289463737	( 0.0241553333 0.0241553333 -0.8836015108 )	0.01104988549	0.0001499640185	-1.417418572e-08	( -1.15 -1.85 -1.75 )	0.004991554137	( 0.03427697052 -0.03427441485 -0.09064679277 )	7.036627976e-06	9.993563078e-05
49	295.849036	( 0.0241553333 -0.0241553333 -0.8836015108 )	300.0003409	( 1.85 1.85 -1.65 )	299.9267149	0.3334302554	0.001063056881	( 0.02500182536 0.02500182536 0.625017097 )	1.002289801	( -0.05593290692 0.06620059639 -0.0552048809 )	0.03447579622	0.04182995603	5.578130889e-07	( -0.75 1.95 0.55 )	0.05960594371	( -0.09414546371 0.06937154211 -0.06936832482 )	0.0002252551973	0.0009891605356	0.08839851739	( 0.05 0.05 1.95 )	23.25828088	( -0.09414546371 0.06937154211 -0.06936832482 )	0.4009634326	0.8157253326	-22.50654571	( -1.95 -1.95 1.95 )	22.67853745	( 0.05 0.05 -1.95 )	0.0006188318252	13.3238002	0.01098762778	( -1.95 -1.95 -1.65 )	0.01289954623	( 0.0241553333 0.0241553333 -0.8836015108 )	0.01104878866	0.0001501434647	-2.875542299e-08	( 1.05 1.85 -1.75 )	0.004991555061	( -0.03427669201 0.03427611986 -0.09064605133 )	7.065262684e-06	9.985361817e-05
50	295.8620758	( 0.0241553333 -0.0241553333 -0.8836015108 )	300.0003328	( 1.85 1.85 -1.65 )	299.9263654	0.3331841082	0.0007270508503	( 0.02500182536 0.02500182536 0.625017097 )	1.002268803	( -0.05593290692 0.06620059639 -0.0552048809 )	0.03464634502	0.04186751448	5.355421423e-07	( -0.15 1.95 0.65 )	0.0597972399	( -0.09414546371 0.06937154211 -0.06936832482 )	0.0002261897466	0.0009997323848	0.08972807318	( 0.05 0.05 1.95 )	23.27021359	( -0.09414546371 0.06937154211 -0.06936832482 )	0.4009191086	0.8209784069	-22.50657641	( -1.95 -1.95 1.95 )	22.67984809	( 0.05 0.05 -1.95 )	0.000616204875	13.32380218	0.01098762852	( -1.95 -1.95 -1.65 )	0.01290071985	( 0.0241553333 0.0241553333 -0.8836015108 )	0.01104773842	0.0001504307261	-1.691389254e-08	( -1.05 -1.75 -1.75 )	0.004991555258	( 0.03427697052 -0.03427441485 -0.09064679277 )	7.089885052e-06	9.971441158e-05
